Name,Domain,Email,ID
esusman,emilyslist.org,esusman@emilyslist.org,1261
executiveintern,emilyslist.org,executiveintern@emilyslist.org,1262
firstyears,emilyslist.org,firstyears@emilyslist.org,1263
fisher.joe,emilyslist.org,fisher.joe@emilyslist.org,1264
lukealbee,emilyslist.org,lukealbee@emilyslist.org,1265
mrooney,emilyslist.org,mrooney@emilyslist.org,1266
Staff,emilyslist.org,Staff@emilyslist.org,1267
vladeckd,emilyslist.org,vladeckd@emilyslist.org,1268