Name,Domain,Email,ID
bmanz,berkeley.edu,bmanz@berkeley.edu,512
chesse,berkeley.edu,chesse@berkeley.edu,513
hshaiken,berkeley.edu,hshaiken@berkeley.edu,514
mechaveste,berkeley.edu,mechaveste@berkeley.edu,515
rbreich,berkeley.edu,rbreich@berkeley.edu,516
rreich,berkeley.edu,rreich@berkeley.edu,517
tkalil,berkeley.edu,tkalil@berkeley.edu,518
tlaqueur,berkeley.edu,tlaqueur@berkeley.edu,519