Name,Domain,Email,ID
CathyBeals,bellsouth.net,CathyBeals@bellsouth.net,635
clysmi,bellsouth.net,clysmi@bellsouth.net,636
hodding,bellsouth.net,hodding@bellsouth.net,637
lversaci,bellsouth.net,lversaci@bellsouth.net,638
nayan4911,bellsouth.net,nayan4911@bellsouth.net,639
Shelleywalker,bellsouth.net,Shelleywalker@bellsouth.net,640
tmmccarthy1,bellsouth.net,tmmccarthy1@bellsouth.net,641