Name,Domain,Email,ID
andy1.taylor,citi.com,andy1.taylor@citi.com,852
fromanm,citi.com ,fromanm@citi.com ,853
guillens,citi.com ,guillens@citi.com ,854
jack.lew,citi.com,jack.lew@citi.com,855
josh.d.sexton,citi.com,josh.d.sexton@citi.com,856
onekm,citi.com,onekm@citi.com,857
pruntym,citi.com,pruntym@citi.com,858
rubinr,citi.com,rubinr@citi.com,859