Name,Domain,Email,ID
agl37,mednet.ucla.edu,agl37@mednet.ucla.edu,5430
csaydah,mednet.ucla.edu,csaydah@mednet.ucla.edu,5431
doraamills,mednet.ucla.edu,doraamills@mednet.ucla.edu,5432
julie.tran,mednet.ucla.edu,julie.tran@mednet.ucla.edu,5433
konica,mednet.ucla.edu,konica@mednet.ucla.edu,5434
pdevries,mednet.ucla.edu,pdevries@mednet.ucla.edu,5435
podesta.mary,mednet.ucla.edu,podesta.mary@mednet.ucla.edu,5436
ptc27,mednet.ucla.edu,ptc27@mednet.ucla.edu,5437