Name,Domain,Email,ID
blinder,princeton.edu,blinder@princeton.edu,6008
brooksp,princeton.edu,brooksp@princeton.edu,6009
conoline,princeton.edu,conoline@princeton.edu,6010
epagels,princeton.edu,epagels@princeton.edu,6011
jcurrie,princeton.edu,jcurrie@princeton.edu,6012
jleach,Princeton.edu,jleach@Princeton.edu,6013
Maxtell,Princeton.edu,Maxtell@Princeton.edu,6014
slaughtr,Princeton.edu,slaughtr@Princeton.edu,6015