Name,Domain,Email,ID
blester,ps-b.com,blester@ps-b.com,6137
csmith,ps-b.com,csmith@ps-b.com,6138
donbaer,ps-b.com,donbaer@ps-b.com,6139
mark.penn,ps-b.com,mark.penn@ps-b.com,6140
mheenan,ps-b.com,mheenan@ps-b.com,6141
rkellman,ps-b.com,rkellman@ps-b.com,6142