Name,Domain,Email,ID
adeocampo,saban.com,adeocampo@saban.com,6264
araziel,saban.com,araziel@saban.com,6265
jlundy,saban.com,jlundy@saban.com,6266
kussa,saban.com,kussa@saban.com,6267
lblanchard,saban.com,lblanchard@saban.com,6268
lhartigan,saban.com,lhartigan@saban.com,6269