Name,Domain,Email,ID
amazon,ucla.edu,amazon@ucla.edu,6528
jfieldin,ucla.edu,jfieldin@ucla.edu,6529
lebowpolisci,ucla.edu,lebowpolisci@ucla.edu,6530
Amar.Nijagal,ucsf.edu,Amar.Nijagal@ucsf.edu,6531
kesslerd,ucsf.edu,kesslerd@ucsf.edu,6532
nancy.adler,ucsf.edu,nancy.adler@ucsf.edu,6533