Name,Domain,Email,ID
CBaker,deweysquare.com,CBaker@deweysquare.com,1156
cbenton,deweysquare.com,cbenton@deweysquare.com,1157
charlie.baker,deweysquare.com ,charlie.baker@deweysquare.com ,1158
JAlper,deweysquare.com,JAlper@deweysquare.com,1159
KmcLean,deweysquare.com,KmcLean@deweysquare.com,1160
Maria.Cardona,deweysquare.com,Maria.Cardona@deweysquare.com,1161
Minyon.Moore,deweysquare.com,Minyon.Moore@deweysquare.com,1162
Name,deweysquare.com ,Name@deweysquare.com ,1163