Name,Domain,Email,ID
haroldbibb,outlook.com,haroldbibb@outlook.com,5850
Katherine.Ely001,outlook.com,Katherine.Ely001@outlook.com,5851
lmoresky,outlook.com,lmoresky@outlook.com,5852
matthew.montekio,outlook.com,matthew.montekio@outlook.com,5853
matthewedelong,outlook.com,matthewedelong@outlook.com,5854
no-reply,outlook.com,no-reply@outlook.com,5855
palak.shah,outlook.com,palak.shah@outlook.com,5856
pas151,outlook.com,pas151@outlook.com,5857
Thomas_A._Kalil,outlook.com,Thomas_A._Kalil@outlook.com,5858