Name,Domain,Email,ID
ENABEL,PARTNERS.org,ENABEL@PARTNERS.org,5875
mpvitale,partners.org,mpvitale@partners.org,5876
myialamas,partners.org,myialamas@partners.org,5877
PTLEE,partners.org,PTLEE@partners.org,5878
RBOXER,partners.org,RBOXER@partners.org,5879
skoo1,partners.org,skoo1@partners.org,5880
TGLYNN,PARTNERS.org,TGLYNN@PARTNERS.org,5881
VTAQUETI,partners.org,VTAQUETI@partners.org,5882