Name,Domain,Email,ID
ASaharia,wc.com,ASaharia@wc.com,6716
dkendall,wc.com,dkendall@wc.com,6717
gcraig,wc.com,gcraig@wc.com,6718
HSyski,wc.com,HSyski@wc.com,6719
KTurner,wc.com,KTurner@wc.com,6720
moconnor,wc.com,moconnor@wc.com,6721
rbarnett,wc.com,rbarnett@wc.com,6722
TAbrams,wc.com,TAbrams@wc.com,6723